name,gender
Aiman,M
Samiyah,F
Mumtaz,F
AÃ¯cha,F
Fadl,M
Junaid,M
Burhan al-Din,M
Naima,F
Dema,F
Abd as-Salam,M
Aysha,F
Barack,M
Nadia,F
Javed,M
Mehwish,F
Basma,F
Ala,M
Fawziya,F
Amine,M
Ayman,M
Anwer,M
Shaheer,M
Fikri,M
Sana,F
Farid,M
Malak,F
Fizza,F
Abd al-Wali,M
Anass,M
Baha,M
Aali,M
Sahil,M
Adam,M
Abdul,M
Fawzi,M
Abdellatif,M
Afif,M
Maheen,F
Amel,F
Abdelhamid,M
Abd al-Kader,M
Samira,F
Abd al-Latif,M
Suhaib,M
Sumaya,F
Fouad,M
Usman,M
Farhana,F
Alim,M
Adnan,M
Gawahir,F
Zubair,M
Batul,F
Atiya,F
Fadi,M
Farouk,M
Haider,M
Faysal,M
Aliya,F
Aqila,F
Dima,F
Hamid,M
Ayishah,F
Arij,F
Kareem,M
Sumaira,F
Boutros,M
Sami,M
Shehryar,M
Ayah,F
Ghada,F
Azra,F
Adila,F
Fathiyya,F
Layla,F
Furqan,M
Abrar,M
Rabia,F
Muwahid,M
Al-Amir,M
Abdelkader,M
Afaf,F
Abd al-Rahman,M
Zakariya,M
Fariya,F
Yaseen,M
Saima,F
Mahmood,M
Gafar,M
Fakhri,M
Hoor,F
Haseeb,M
Ebrahim,M
Saud,M
Sadaf,F
Ayyub,M
Hamza,M
Fadila,F
Fatima,F
Fatimah,F
Botros,M
Sara,F
Ala ad-Din,M
Mehmood,M
Amirah,F
Abd al-Hamid,M
Fatma,F
Khurram,M
Ghayth,M
Barakat,M
Bassem,M
Farah,F
Zeeshan,M
Qasim,M
Aamir,M
Fikriyya,F
Laila,F
Bisma,F
Saad,M
Bulus,M
Alya,F
Abu al-Fadl,M
Anis,M
Imran,M
Ahmer,M
Mustafa,M
Dalia,F
Amira,F
Eesa,M
Arif,M
Hamna,F
Arwa,F
Fakhriyya,F
Husnain,M
Salma,F
Abd Allah,M
Bassam,M
Almas,M
Gathbiyya,F
Faraj,M
Zahra,F
Luqman,M
Ghufran,M
Dina,F
Mishal,F
Aaminah,F
Dilawar,M
Arooj,F
Guda,M
Syed,M
Muhammad,M
Burhan,M
Aliza,F
Ahmed,M
Fatiha,F
Irfan,M
Azeem,M
Al-Hasan,M
Iraj,F
Daniyal,M
Fareeha,F
Shahzad,M
Yasmin,F
Ahad,M
Basir,M
Aisha,F
Aslam,M
Nadir,M
Zain,M
Nasser,M
Fiza,F
Basira,F
Gamila,F
Abd al-Rashid,M
Umar,M
Faiq,M
Wali,M
Minam,M
Asma,F
Abd al-Majid,M
Ammar,M
Abdul Aziz,M
Nabeel,M
Fathi,M
Aliyah,F
Zafar,M
Akbar,M
Asif,M
Naheed,F
Fawziyya,F
Abla,F
Atallah,M
Ansar,M
Farooq,M
Noor,F
Jamila,F
Ahsan,M
Mehran,M
Diya,M
Fayruz,F
Gabr,M
Azhar,M
Ashfaq,M
Baqi,M
Asra,F
Abd al-Malik,M
Hania,F
Abul-Fazl,M
Galal,M
Abd al-Karim,M
Burhanuddin,M
Ata,M
Esmail,M
Budur,F
Fayiz,M
Rizwan,M
Badr,M
Jawad,M
Hassan,M
Abdurrahman,M
Atifa,F
Ismail,M
Bahij,M
Aliyyah,F
Habibullah,M
Gazbiyya,F
Aishah,F
Hussain,M
Aadam,M
Eman,F
Shazia,F
Faruq,M
Mohsnain,M
Raheem,M
Arslan,M
Bilal,M
Ghulam,M
Hashim,M
Asghar,M
Affan,M
Brahim,M
Ahmad,M
Maryam,F
Maqbool,F
Aiman,F
Bashar,M
Mubarak,M
Abdullah,M
Basit,M
Faizel,M
Abdessalam,M
Bahiga,F
Dawud,M
Fareed,M
Abdulaziz,M
Marwa,F
Shanzay,F
Yahya,M
Habib,M
Amir,M
Amina,F
Abdur Rahman,M
Fayza,F
Dawood,M
Abdul Hamid,M
Basil,M
Zia,M
Amin,M
Fahima,F
Sidra,F
Gamil,M
Mohsin,M
Galila,F
Saim,M
Sarah,F
Mahir,M
Aaliyah,F
Gamal,M
Adham,M
Abd ar-Rashid,M
Hadi,M
Zaid,M
Burhan ad-Din,M
Rashid,M
Samira,M
Kamran,M
Tayyab,M
Meerab,F
Daud,M
Siddique,M
Faseeh,M
Atuf,M
Fatemah,F
Waqas,M
Dalal,F
Arsalan,M
Abd al-Aziz,M
Adel,M
Khadija,F
Naveed,M
Jalal,M
Bakr,M
Karim,M
Faisal,M
Mahnoor,F
Hasham,M
Ruqayyah,F
Asiya,F
Asmaa,F
Essa,M
Musa,M
Abd al-Salam,M
Atif,M
Akram,M
Fadil,M
Raza,M
Ayan,M
Faruk,M
Umair,M
Asad,M
Madeeha,F
Hussein,M
Aliyya,F
Abbas,M
Ayoub,M
Ayda,F
Farhan,M
Rukash,F
Rana,F
Fatema,F
Huda,F
Anisa,F
Afzal,M
Boulos,M
Barak,M
Aziz,M
Rania,F
Mariam,F
Fatin,F
Faris,M
Balqis,F
Aziza,F
Aasim,M
Fatima az-Zahra,F
Safiya,F
Fairuz,F
Abdelaziz,M
Alia,F
Amna,F
Umaima,F
Ghalib,M
Arqam,M
Ataullah,M
Aya,F
Naeem,M
Abdur Rahim,M
Baqir,M
Safia,F
Basim,M
Abd al-Rahim,M
Nazia,F
Iqra,F
Daniyah,F
Khadijah,F
Fadia,F
Abd al-Qadir,M
Zoha,F
Kiran,F
Tariq,M
Danya,F
Zahid,M
Abderrahim,M
Abdur Rashid,M
Hoorab,F
Faiz,M
Aida,F
Safdar,M
Zainab,F
Djamila,F
Khizer,M
Fazl,M
Ghadir,F
Abd ar-Rahman,M
Yusuf,M
Irtaza,M
Gabir,M
Fajr,F
Jibril,M
Jahangir,M
Talha,M
Abdelmajid,M
Abduh,M
Danial,M
Farrah,F
Khalid,M
Abdulla,M
Farida,F
Fahd,M
Baki,M
Muna,F
Dua,F
Noman,M
Ayesha,F
Binyamin,M
Habiba,F
Aminah,F
Khalil,M
Qamar,M
Aman,M
Basima,F
Fihr,M
Fatin,M
Hafsa,F
Fariha,F
Aadil,M
Amaal,F
Nouman,M
Fidda,F
Anwar,M
Faiza,F
Asim,M
Ajwa,F
Bushra,F
Abdeslam,M
Dania,F
Aqil,M
Assia,F
Ghassan,M
Abd ar-Rahim,M
Afra,F
Aamina,F
Abu,M
Farag,M
Ibrahim,M
Ali,M
Amjad,M
Bahiyya,F
Fatima Zahra,F
Abdul Rahman,M
Bahija,F
Adil,M
Anas,M
Abdus Salam,M
Ghaliya,F
Sandal,F
Sameer,M
Sultan,M
Haamid,M
Abderrahmane,M
Ala al-Din,M
Fahim,M
Butrus,M
Armaghan,M
Ashraqat,F
Omar,M
Fuad,M
Abu Bakr,M
Gawdat,M
Akilah,F
Marukh,F
Shanzay,F
Aleena,F
Aima,F
Itish,F
Mehzil,F
Minahil,F
Hammad,M
Abid,M
Abu-Zar,M
Mohib,M
Abid,M
Aabid,M
Aariz,M
Izhar,M
Sarim,M
Rehan,M